{
  "name": "postgre_sink_connector",
  "config": {
    "connector.class": "io.debezium.connector.jdbc.JdbcSinkConnector",
    "tasks.max": "1",
    "topics": "ORACLE.CDC_EXAMPLE.CUSTOMERS",
    "errors.deadletterqueue.topic.name": "dlq_postgre_sink_customers",
    "errors.deadletterqueue.topic.replication.factor": "1",
    "errors.deadletterqueue.context.headers.enable": "true",
    "connection.url": "jdbc:postgresql://192.168.1.104:5432/cdc",
    "connection.username": "postgres",
    "connection.password": "P@ssw0rd#123",
    "insert.mode": "upsert",
    "delete.enabled": "true",
    "table.name.format": "public.customers",
    "primary.key.mode": "record_key",
    "schema.evolution": "basic",
    "database.time_zone": "UTC"
  }
}