{
  "name": "oracle-source-connector",
  "config": {
    "connector.class": "io.debezium.connector.oracle.OracleConnector",
    "tasks.max": "1",
    "topic.prefix": "ORACLE",
    "database.hostname": "oracle",
    "database.port": "1521",
    "database.user": "c##dbzuser",
    "database.password": "dbz",
    "database.dbname": "XEPDB1",
    "database.pdb.name": "XEPDB1",
    "snapshot.mode": "initial",
    "schema.history.internal.kafka.bootstrap.servers": "broker1:29092",
    "schema.history.internal.kafka.topic": "schema-changes.oracle.cdc_example",
    "schema.include.list": "XEPDB1.CDC_EXAMPLE"
  }
}